substitutions,nstrains,representative_strain,all_strains,all_strains_dates,cat_Wuhan,cat_other China,cat_outside China,subcat_Huanan Seafood Market,subcat_other Wuhan,subcat_other China,subcat_outside China,subcat_Guangdong patient infected in Wuhan before Jan 5,RaTG13_delta_dist,RpYN06_delta_dist,RmYN02_delta_dist
,6,hCoV-19/USA/WA1/2020,"hCoV-19/USA/WA1/2020, hCoV-19/Guangdong/20SF123/2020, hCoV-19/Fujian/8/2020, hCoV-19/Guangdong/20SF118/2020, hCoV-19/Hangzhou/ZJU-08/2020, hCoV-19/Wuhan/0126-C13/2020","hCoV-19/USA/WA1/2020 (2020-01-19), hCoV-19/Guangdong/20SF123/2020 (2020-01-20), hCoV-19/Fujian/8/2020 (2020-01-21), hCoV-19/Guangdong/20SF118/2020 (2020-01-21), hCoV-19/Hangzhou/ZJU-08/2020 (2020-01-26), hCoV-19/Wuhan/0126-C13/2020 (2020-01-26)",1,4,1,0,1,4,1,0,0,0,0
"A1079C,T8782C,T18060C,C24130A,C28144T",2,hCoV-19/Wuhan/0125-A160/2020,"hCoV-19/Wuhan/0125-A160/2020, hCoV-19/Wuhan/0125-A163/2020","hCoV-19/Wuhan/0125-A160/2020 (2020-01-25), hCoV-19/Wuhan/0125-A163/2020 (2020-01-25)",2,0,0,0,2,0,0,0,5,5,5
"C1190T,T8782C,C9438T,G11083T,T18060C,C28144T",2,hCoV-19/France/IDF-0515-isl/2020,"hCoV-19/France/IDF-0515-isl/2020, hCoV-19/France/IDF-0515/2020","hCoV-19/France/IDF-0515-isl/2020 (2020-01-29), hCoV-19/France/IDF-0515/2020 (2020-01-29)",0,0,2,0,0,0,2,0,6,6,6
"C12880T,T18060C,C29095T",3,hCoV-19/UnitedArabEmirates/skmc-920569110/2020,"hCoV-19/UnitedArabEmirates/skmc-920569110/2020, hCoV-19/UnitedArabEmirates/L5630/2020, hCoV-19/UnitedArabEmirates/skmc-920568379/2020","hCoV-19/UnitedArabEmirates/skmc-920569110/2020 (2020-01-28), hCoV-19/UnitedArabEmirates/L5630/2020 (2020-01-29), hCoV-19/UnitedArabEmirates/skmc-920568379/2020 (2020-01-30)",0,0,3,0,0,0,3,0,1,1,1
"C15480T,T18060C",2,hCoV-19/Guangdong/20SF117/2020,"hCoV-19/Guangdong/20SF117/2020, hCoV-19/Zhejiang/CN1/2020","hCoV-19/Guangdong/20SF117/2020 (2020-01-21), hCoV-19/Zhejiang/CN1/2020 (2020-01-22)",0,2,0,0,0,2,0,0,2,2,2
"C17410T,T18060C",5,hCoV-19/Wuhan/0126-C98/2020,"hCoV-19/Wuhan/0126-C98/2020, hCoV-19/Wuhan/0126-C111/2020, hCoV-19/Wuhan/0126-C109/2020, hCoV-19/Wuhan/0126-C102/2020, hCoV-19/Wuhan/0126-C103/2020","hCoV-19/Wuhan/0126-C98/2020 (2020-01-26), hCoV-19/Wuhan/0126-C111/2020 (2020-01-26), hCoV-19/Wuhan/0126-C109/2020 (2020-01-26), hCoV-19/Wuhan/0126-C102/2020 (2020-01-26), hCoV-19/Wuhan/0126-C103/2020 (2020-01-26)",5,0,0,0,5,0,0,0,2,2,2
"C2536T,T8886C,T18060C",5,hCoV-19/Wuhan/WHUH001/2020,"hCoV-19/Wuhan/WHUH001/2020, hCoV-19/Wuhan/WHUH002/2020, hCoV-19/Wuhan/WHUH004/2020, hCoV-19/Wuhan/WHUH008/2020, hCoV-19/Wuhan/WHUH020/2020","hCoV-19/Wuhan/WHUH001/2020 (2020-01-22), hCoV-19/Wuhan/WHUH002/2020 (2020-01-22), hCoV-19/Wuhan/WHUH004/2020 (2020-01-22), hCoV-19/Wuhan/WHUH008/2020 (2020-01-22), hCoV-19/Wuhan/WHUH020/2020 (2020-01-22)",5,0,0,0,5,0,0,0,3,3,3
"C2662T,T18060C,C29095T",2,hCoV-19/Japan/TY-WK-501/2020,"hCoV-19/Japan/TY-WK-501/2020, hCoV-19/Japan/TY-WK-521/2020","hCoV-19/Japan/TY-WK-501/2020 (2020-01-31), hCoV-19/Japan/TY-WK-521/2020 (2020-01-31)",0,0,2,0,0,0,2,0,1,1,1
"C2942T,G4390T,T18060C",4,hCoV-19/Thailand/Nonthaburi_193/2020,"hCoV-19/Thailand/Nonthaburi_193/2020, hCoV-19/Thailand/Bangkok_237/2020, hCoV-19/Thailand/SI200468-NT/2020, hCoV-19/Thailand/Bangkok_238/2020","hCoV-19/Thailand/Nonthaburi_193/2020 (2020-01-24), hCoV-19/Thailand/Bangkok_237/2020 (2020-01-25), hCoV-19/Thailand/SI200468-NT/2020 (2020-01-25), hCoV-19/Thailand/Bangkok_238/2020 (2020-01-31)",0,0,4,0,0,0,4,0,3,3,3
"C3037T,G6446A,T8782C,T18060C,A23403G,C28144T",3,hCoV-19/Germany/BY-ChVir-1019/2020,"hCoV-19/Germany/BY-ChVir-1019/2020, hCoV-19/Germany/BY-RKI-I-013857/2020, hCoV-19/Germany/BY-RKI-I-013858/2020","hCoV-19/Germany/BY-ChVir-1019/2020 (2020-01-29), hCoV-19/Germany/BY-RKI-I-013857/2020 (2020-01-29), hCoV-19/Germany/BY-RKI-I-013858/2020 (2020-01-30)",0,0,3,0,0,0,3,0,2,2,2
"C3037T,T8782C,C17074T,T18060C,C27213T,T27384C,C28144T",3,hCoV-19/Australia/SA0305/2020,"hCoV-19/Australia/SA0305/2020, hCoV-19/Australia/SA0214/2020, hCoV-19/Australia/VPRL014/2020","hCoV-19/Australia/SA0305/2020 (2020-01-30), hCoV-19/Australia/SA0214/2020 (2020-01-30), hCoV-19/Australia/VPRL014/2020 (2020-01-30)",0,0,3,0,0,0,3,0,5,5,5
"C3037T,T8782C,T18060C,A23403G,C28144T",6,hCoV-19/Sichuan/SC-PHCC1-022/2020,"hCoV-19/Sichuan/SC-PHCC1-022/2020, hCoV-19/Germany/BY-ChVir-1020/2020, hCoV-19/Germany/BY-ChVir-929-2/2020, hCoV-19/Germany/BY-ChVir-929/2020, hCoV-19/Shanghai/SH0014/2020, hCoV-19/Germany/BY-ChVir-1017/2020","hCoV-19/Sichuan/SC-PHCC1-022/2020 (2020-01-24), hCoV-19/Germany/BY-ChVir-1020/2020 (2020-01-28), hCoV-19/Germany/BY-ChVir-929-2/2020 (2020-01-28), hCoV-19/Germany/BY-ChVir-929/2020 (2020-01-28), hCoV-19/Shanghai/SH0014/2020 (2020-01-28), hCoV-19/Germany/BY-ChVir-1017/2020 (2020-01-30)",0,2,4,0,0,2,4,0,3,3,3
"C3876T,C11620T,A13969G,T18060C,G25947T,A28910T,C29095T",2,hCoV-19/Shandong/2020C1240470/2020,"hCoV-19/Shandong/2020C1240470/2020, hCoV-19/Shandong/2020C1240476/2020","hCoV-19/Shandong/2020C1240470/2020 (2020-01-26), hCoV-19/Shandong/2020C1240476/2020 (2020-01-30)",0,2,0,0,0,2,0,0,5,5,5
"C3885A,T8782C,C12778T,T13270C,T18060C,C28144T,G29449T",3,hCoV-19/Lishui/LS003/2020,"hCoV-19/Lishui/LS003/2020, hCoV-19/Lishui/LS111/2020, hCoV-19/Lishui/LS556/2020","hCoV-19/Lishui/LS003/2020 (2020-01-24), hCoV-19/Lishui/LS111/2020 (2020-01-25), hCoV-19/Lishui/LS556/2020 (2020-01-28)",0,3,0,0,0,3,0,0,7,7,7
"C4890T,T8782C,C17373T,T18060C,G28041T,C28144T",3,hCoV-19/Guangdong/20SF632/2020,"hCoV-19/Guangdong/20SF632/2020, hCoV-19/Guangdong/20SF630/2020, hCoV-19/Guangdong/20SF840/2020","hCoV-19/Guangdong/20SF632/2020 (2020-01-26), hCoV-19/Guangdong/20SF630/2020 (2020-01-26), hCoV-19/Guangdong/20SF840/2020 (2020-01-29)",0,3,0,0,0,3,0,0,4,4,4
"C5869T,T8782C,T18060C,C28144T",2,hCoV-19/Wuhan/0125-A145/2020,"hCoV-19/Wuhan/0125-A145/2020, hCoV-19/Wuhan/0125-A137/2020","hCoV-19/Wuhan/0125-A145/2020 (2020-01-25), hCoV-19/Wuhan/0125-A137/2020 (2020-01-25)",2,0,0,0,2,0,0,0,2,2,2
"C6501T,T18060C",3,hCoV-19/HongKong/HKU-907a/2020,"hCoV-19/HongKong/HKU-907a/2020, hCoV-19/HongKong/HKU-907b/2020, hCoV-19/Guangdong/2020XN4475-P0042/2020","hCoV-19/HongKong/HKU-907a/2020 (2020-01-27), hCoV-19/HongKong/HKU-907b/2020 (2020-01-29), hCoV-19/Guangdong/2020XN4475-P0042/2020 (2020-01-30)",0,1,2,0,0,1,2,0,2,2,2
"C745T,T8782C,T18060C,C26198T,C28144T",2,hCoV-19/HongKong/HKPU6_2101/2020,"hCoV-19/HongKong/HKPU6_2101/2020, hCoV-19/HongKong/HKU-200723-093/2020","hCoV-19/HongKong/HKPU6_2101/2020 (2020-01-25), hCoV-19/HongKong/HKU-200723-093/2020 (2020-01-25)",0,0,2,0,0,0,2,0,5,5,5
"C8092T,T8782C,G11083T,T18060C,C28144T",2,hCoV-19/HongKong/HKU-908a/2020,"hCoV-19/HongKong/HKU-908a/2020, hCoV-19/HongKong/HKU-908b/2020","hCoV-19/HongKong/HKU-908a/2020 (2020-01-27), hCoV-19/HongKong/HKU-908b/2020 (2020-01-29)",0,0,2,0,0,0,2,0,5,5,5
"C8299T,T8782C,T18060C,C28144T,A28792T",2,hCoV-19/Taiwan/8/2020,"hCoV-19/Taiwan/8/2020, hCoV-19/Taiwan/5/2020","hCoV-19/Taiwan/8/2020 (2020-01-31), hCoV-19/Taiwan/5/2020 (2020-01-31)",0,0,2,0,0,0,2,0,5,5,5
"C865T,C13694T",2,hCoV-19/Singapore/906/2020,"hCoV-19/Singapore/906/2020, hCoV-19/Singapore/20/2020","hCoV-19/Singapore/906/2020 (2020-01-25), hCoV-19/Singapore/20/2020 (2020-01-29)",0,0,2,0,0,0,2,0,2,2,2
"G1397A,T8782C,A10323G,C11074T,G11083T,T18060C,C28144T,T28688C",2,hCoV-19/Shanghai/SH0022/2020,"hCoV-19/Shanghai/SH0022/2020, hCoV-19/Shanghai/SH0023/2020","hCoV-19/Shanghai/SH0022/2020 (2020-01-30), hCoV-19/Shanghai/SH0023/2020 (2020-01-30)",0,2,0,0,0,2,0,0,8,8,8
"G1397A,T8782C,G11083T,T18060C,C28144T,T28688C",3,hCoV-19/HongKong/HKU-903a/2020,"hCoV-19/HongKong/HKU-903a/2020, hCoV-19/HongKong/HKU-905a/2020, hCoV-19/HongKong/HKU-903b/2020","hCoV-19/HongKong/HKU-903a/2020 (2020-01-24), hCoV-19/HongKong/HKU-905a/2020 (2020-01-24), hCoV-19/HongKong/HKU-903b/2020 (2020-01-27)",0,0,3,0,0,0,3,0,6,6,6
"G614A,A5084G,T8782C,T18060C,C28144T,C28854T",2,hCoV-19/USA/CA-CDC-3/2020,"hCoV-19/USA/CA-CDC-3/2020, hCoV-19/USA/CA-CDC-4/2020","hCoV-19/USA/CA-CDC-3/2020 (2020-01-29), hCoV-19/USA/CA-CDC-4/2020 (2020-01-29)",0,0,2,0,0,0,2,0,6,6,6
"G8274A,T8782C,T18060C,C28144T",2,hCoV-19/Jiangxi/IVDC-JX-002/2020,"hCoV-19/Jiangxi/IVDC-JX-002/2020, hCoV-19/Pingxiang/JX5/2020","hCoV-19/Jiangxi/IVDC-JX-002/2020 (2020-01-11), hCoV-19/Pingxiang/JX5/2020 (2020-01-11)",0,2,0,0,0,2,0,0,4,4,4
T18060C,35,hCoV-19/Wuhan/WH04/2020,"hCoV-19/Wuhan/WH04/2020, hCoV-19/Wuhan/HBCDC-HB-03/2020, hCoV-19/USA/IL1/2020, hCoV-19/Wuhan/WHUH011/2020, hCoV-19/Shangrao/JX29/2020, hCoV-19/Jiujiang/JX22/2020, hCoV-19/Wuhan/WHUH012/2020, hCoV-19/Wuhan/WHUH006/2020, hCoV-19/Taiwan/3/2020, hCoV-19/Australia/NSW01/2020, hCoV-19/Xinyu/JX122/2020, hCoV-19/Ganzhou/JX81/2020, hCoV-19/Shandong/2020C1240367/2020, hCoV-19/Hangzhou/ZJU-02/2020, hCoV-19/Wuhan/0126-C7/2020, hCoV-19/Wuhan/0126-C101/2020, hCoV-19/Wuhan/0126-C77/2020, hCoV-19/Sichuan/SC-WCH3-255/2020, hCoV-19/Nanchang/JX149/2020, hCoV-19/Shaoxing/01/2020, hCoV-19/Guangdong/20SF684/2020, hCoV-19/Guangdong/20SF685/2020, hCoV-19/Singapore/15/2020, hCoV-19/Guangdong/20SF813/2020, hCoV-19/Shandong/2020C1240111/2020, hCoV-19/Guangzhou/GZMU0056/2020, hCoV-19/Shaoxing/03/2020, hCoV-19/Shaoxing/02/2020, hCoV-19/Guangdong/2020XN4459-P0041/2020, hCoV-19/Shanghai/SH0013/2020, hCoV-19/Shanghai/SH0043/2020, hCoV-19/Shanghai/SH0024/2020, hCoV-19/Shaoxing/04/2020, hCoV-19/Taiwan/NTU01/2020, hCoV-19/Singapore/967/2020","hCoV-19/Wuhan/WH04/2020 (2020-01-05), hCoV-19/Wuhan/HBCDC-HB-03/2020 (2020-01-18), hCoV-19/USA/IL1/2020 (2020-01-21), hCoV-19/Wuhan/WHUH011/2020 (2020-01-22), hCoV-19/Shangrao/JX29/2020 (2020-01-22), hCoV-19/Jiujiang/JX22/2020 (2020-01-22), hCoV-19/Wuhan/WHUH012/2020 (2020-01-22), hCoV-19/Wuhan/WHUH006/2020 (2020-01-22), hCoV-19/Taiwan/3/2020 (2020-01-24), hCoV-19/Australia/NSW01/2020 (2020-01-24), hCoV-19/Xinyu/JX122/2020 (2020-01-25), hCoV-19/Ganzhou/JX81/2020 (2020-01-25), hCoV-19/Shandong/2020C1240367/2020 (2020-01-25), hCoV-19/Hangzhou/ZJU-02/2020 (2020-01-26), hCoV-19/Wuhan/0126-C7/2020 (2020-01-26), hCoV-19/Wuhan/0126-C101/2020 (2020-01-26), hCoV-19/Wuhan/0126-C77/2020 (2020-01-26), hCoV-19/Sichuan/SC-WCH3-255/2020 (2020-01-27), hCoV-19/Nanchang/JX149/2020 (2020-01-27), hCoV-19/Shaoxing/01/2020 (2020-01-27), hCoV-19/Guangdong/20SF684/2020 (2020-01-27), hCoV-19/Guangdong/20SF685/2020 (2020-01-27), hCoV-19/Singapore/15/2020 (2020-01-27), hCoV-19/Guangdong/20SF813/2020 (2020-01-28), hCoV-19/Shandong/2020C1240111/2020 (2020-01-28), hCoV-19/Guangzhou/GZMU0056/2020 (2020-01-29), hCoV-19/Shaoxing/03/2020 (2020-01-30), hCoV-19/Shaoxing/02/2020 (2020-01-30), hCoV-19/Guangdong/2020XN4459-P0041/2020 (2020-01-30), hCoV-19/Shanghai/SH0013/2020 (2020-01-30), hCoV-19/Shanghai/SH0043/2020 (2020-01-30), hCoV-19/Shanghai/SH0024/2020 (2020-01-30), hCoV-19/Shaoxing/04/2020 (2020-01-31), hCoV-19/Taiwan/NTU01/2020 (2020-01-31), hCoV-19/Singapore/967/2020 (2020-01-31)",8,21,6,0,8,21,6,0,1,1,1
"T18060C,C23271T,C24023T,G26526T,G27225T,C28887T",3,hCoV-19/Beijing/Wuhan_IME-BJ07/2020,"hCoV-19/Beijing/Wuhan_IME-BJ07/2020, hCoV-19/Beijing/BJ287/2020, hCoV-19/Beijing/BJ288/2020","hCoV-19/Beijing/Wuhan_IME-BJ07/2020 (2020-01-29), hCoV-19/Beijing/BJ287/2020 (2020-01-29), hCoV-19/Beijing/BJ288/2020 (2020-01-29)",0,3,0,0,0,3,0,0,2,2,2
"T18060C,C24034T,T26729C,G28077C",2,hCoV-19/Vietnam/38142/2020,"hCoV-19/Vietnam/38142/2020, hCoV-19/Vietnam/VR03-38142/2020","hCoV-19/Vietnam/38142/2020 (2020-01-24), hCoV-19/Vietnam/VR03-38142/2020 (2020-01-24)",0,0,2,0,0,0,2,0,2,2,2
"T18060C,C28144T",2,hCoV-19/Wuhan/0126-C100/2020,"hCoV-19/Wuhan/0126-C100/2020, hCoV-19/Wuhan/0126-C93/2020","hCoV-19/Wuhan/0126-C100/2020 (2020-01-26), hCoV-19/Wuhan/0126-C93/2020 (2020-01-26)",2,0,0,0,2,0,0,0,2,2,2
"T18060C,C29095T",9,hCoV-19/Guangdong/HKU-SZ-002/2020,"hCoV-19/Guangdong/HKU-SZ-002/2020, hCoV-19/Shenzhen/SZTH-002/2020, hCoV-19/Guangdong/20SF012/2020, hCoV-19/Guangdong/20SF025/2020, hCoV-19/Guangdong/20SF013/2020, hCoV-19/Shanghai/SH0005/2020, hCoV-19/Vietnam/PIHCM-14/2020, hCoV-19/Shaoxing/06/2020, hCoV-19/Guangdong/2020XN4276-P0037/2020","hCoV-19/Guangdong/HKU-SZ-002/2020 (2020-01-10), hCoV-19/Shenzhen/SZTH-002/2020 (2020-01-13), hCoV-19/Guangdong/20SF012/2020 (2020-01-14), hCoV-19/Guangdong/20SF025/2020 (2020-01-15), hCoV-19/Guangdong/20SF013/2020 (2020-01-15), hCoV-19/Shanghai/SH0005/2020 (2020-01-28), hCoV-19/Vietnam/PIHCM-14/2020 (2020-01-31), hCoV-19/Shaoxing/06/2020 (2020-01-31), hCoV-19/Guangdong/2020XN4276-P0037/2020 (2020-01-31)",0,8,1,0,0,4,1,4,0,0,0
"T18060C,G28878A",6,hCoV-19/Shanghai/SH0003/2020,"hCoV-19/Shanghai/SH0003/2020, hCoV-19/Shanghai/SH0002/2020, hCoV-19/Anhui/33/2020, hCoV-19/Australia/QLD01/2020, hCoV-19/Guangdong/2020XN4243-P0035/2020, hCoV-19/Singapore/466/2020","hCoV-19/Shanghai/SH0003/2020 (2020-01-25), hCoV-19/Shanghai/SH0002/2020 (2020-01-25), hCoV-19/Anhui/33/2020 (2020-01-28), hCoV-19/Australia/QLD01/2020 (2020-01-28), hCoV-19/Guangdong/2020XN4243-P0035/2020 (2020-01-30), hCoV-19/Singapore/466/2020 (2020-01-31)",0,4,2,0,0,4,2,0,2,2,2
"T18060C,T18996C,C24370T,T29029C",2,hCoV-19/Wuhan/HBCDC-HB-04/2020,"hCoV-19/Wuhan/HBCDC-HB-04/2020, hCoV-19/Wuhan/WHUH003/2020","hCoV-19/Wuhan/HBCDC-HB-04/2020 (2020-01-18), hCoV-19/Wuhan/WHUH003/2020 (2020-01-22)",2,0,0,0,2,0,0,0,4,4,4
"T18060C,T27618C,C28706T",2,hCoV-19/Shandong/2020C1240428/2020,"hCoV-19/Shandong/2020C1240428/2020, hCoV-19/Shanghai/SH0075/2020","hCoV-19/Shandong/2020C1240428/2020 (2020-01-26), hCoV-19/Shanghai/SH0075/2020 (2020-01-30)",0,2,0,0,0,2,0,0,3,3,3
"T3171C,T18060C",6,hCoV-19/Shandong/LY005-2/2020,"hCoV-19/Shandong/LY005-2/2020, hCoV-19/Shandong/2020C1240402/2020, hCoV-19/Shandong/LY007-2/2020, hCoV-19/Shandong/LY006-2/2020, hCoV-19/Shandong/LY004-2/2020, hCoV-19/Shandong/LY008-2/2020","hCoV-19/Shandong/LY005-2/2020 (2020-01-24), hCoV-19/Shandong/2020C1240402/2020 (2020-01-24), hCoV-19/Shandong/LY007-2/2020 (2020-01-25), hCoV-19/Shandong/LY006-2/2020 (2020-01-25), hCoV-19/Shandong/LY004-2/2020 (2020-01-26), hCoV-19/Shandong/LY008-2/2020 (2020-01-30)",0,6,0,0,0,6,0,0,0,0,0
"T4402C,G5062T,T18060C",9,hCoV-19/Beijing/Wuhan_IME-BJ02/2020,"hCoV-19/Beijing/Wuhan_IME-BJ02/2020, hCoV-19/SouthKorea/KCDC03/2020, hCoV-19/Beijing/105/2020, hCoV-19/Beijing/231/2020, hCoV-19/Beijing/235/2020, hCoV-19/Beijing/Wuhan_IME-BJ03/2020, hCoV-19/SouthKorea/KCDC06/2020, hCoV-19/SouthKorea/KCDC2062/2020, hCoV-19/Beijing/BJ390/2020","hCoV-19/Beijing/Wuhan_IME-BJ02/2020 (2020-01-25), hCoV-19/SouthKorea/KCDC03/2020 (2020-01-25), hCoV-19/Beijing/105/2020 (2020-01-26), hCoV-19/Beijing/231/2020 (2020-01-28), hCoV-19/Beijing/235/2020 (2020-01-28), hCoV-19/Beijing/Wuhan_IME-BJ03/2020 (2020-01-28), hCoV-19/SouthKorea/KCDC06/2020 (2020-01-30), hCoV-19/SouthKorea/KCDC2062/2020 (2020-01-31), hCoV-19/Beijing/BJ390/2020 (2020-01-31)",0,6,3,0,0,6,3,0,3,3,3
"T8782C,A13175G,T18060C,C28144T",3,hCoV-19/Sichuan/SC-WCH-308/2020,"hCoV-19/Sichuan/SC-WCH-308/2020, hCoV-19/Sichuan/SC-WCH-310/2020, hCoV-19/Sichuan/SC-WCH-082/2020","hCoV-19/Sichuan/SC-WCH-308/2020 (2020-01-23), hCoV-19/Sichuan/SC-WCH-310/2020 (2020-01-24), hCoV-19/Sichuan/SC-WCH-082/2020 (2020-01-31)",0,3,0,0,0,3,0,0,4,4,4
"T8782C,A17423G,T18060C,C28144T,C28854T",2,hCoV-19/Guangdong/20SF190/2020,"hCoV-19/Guangdong/20SF190/2020, hCoV-19/Anhui/99/2020","hCoV-19/Guangdong/20SF190/2020 (2020-01-23), hCoV-19/Anhui/99/2020 (2020-01-31)",0,2,0,0,0,2,0,0,5,5,5
"T8782C,C10232T,T18060C,C28144T",2,hCoV-19/Vietnam/19-01S/2020,"hCoV-19/Vietnam/19-01S/2020, hCoV-19/Vietnam/19-02S/2020","hCoV-19/Vietnam/19-01S/2020 (2020-01-22), hCoV-19/Vietnam/19-02S/2020 (2020-01-22)",0,0,2,0,0,0,2,0,4,4,4
"T8782C,C10604T,A15647G,T18060C,A21137G,C28144T",4,hCoV-19/Beijing/BJ54/2020,"hCoV-19/Beijing/BJ54/2020, hCoV-19/Beijing/BJ53/2020, hCoV-19/Beijing/BJ251/2020, hCoV-19/Beijing/BJ252/2020","hCoV-19/Beijing/BJ54/2020 (2020-01-24), hCoV-19/Beijing/BJ53/2020 (2020-01-24), hCoV-19/Beijing/BJ251/2020 (2020-01-29), hCoV-19/Beijing/BJ252/2020 (2020-01-29)",0,4,0,0,0,4,0,0,6,6,6
"T8782C,C15324T,T18060C,C28144T,C29303T",2,hCoV-19/Guangzhou/20SF206/2020,"hCoV-19/Guangzhou/20SF206/2020, hCoV-19/Shaoxing/05/2020","hCoV-19/Guangzhou/20SF206/2020 (2020-01-22), hCoV-19/Shaoxing/05/2020 (2020-01-31)",0,2,0,0,0,2,0,0,5,5,5
"T8782C,C17373T,T18060C,C28144T",6,hCoV-19/Fujian/13/2020,"hCoV-19/Fujian/13/2020, hCoV-19/Foshan/20SF210/2020, hCoV-19/Foshan/20SF211/2020, hCoV-19/Shandong/2020C1240054/2020, hCoV-19/Wuhan/YB012506/2020, hCoV-19/USA/WI1/2020","hCoV-19/Fujian/13/2020 (2020-01-22), hCoV-19/Foshan/20SF210/2020 (2020-01-22), hCoV-19/Foshan/20SF211/2020 (2020-01-22), hCoV-19/Shandong/2020C1240054/2020 (2020-01-23), hCoV-19/Wuhan/YB012506/2020 (2020-01-25), hCoV-19/USA/WI1/2020 (2020-01-31)",1,4,1,0,1,4,1,0,2,2,2
"T8782C,C9967T,T18060C,C28144T",3,hCoV-19/HongKong/HKU-200723-030/2020,"hCoV-19/HongKong/HKU-200723-030/2020, hCoV-19/HongKong/HKU-200723-060/2020, hCoV-19/HongKong/HKU-911a/2020","hCoV-19/HongKong/HKU-200723-030/2020 (2020-01-29), hCoV-19/HongKong/HKU-200723-060/2020 (2020-01-29), hCoV-19/HongKong/HKU-911a/2020 (2020-01-30)",0,0,3,0,0,0,3,0,4,4,4
"T8782C,C9996T,T18060C,G26144T,C28144T",2,hCoV-19/Thailand/Bangkok_269/2020,"hCoV-19/Thailand/Bangkok_269/2020, hCoV-19/Thailand/SI200478-NST/2020","hCoV-19/Thailand/Bangkok_269/2020 (2020-01-26), hCoV-19/Thailand/SI200478-NST/2020 (2020-01-26)",0,0,2,0,0,0,2,0,5,5,5
"T8782C,G11083T,T18060C,A21282G,C28144T",2,hCoV-19/Hangzhou/HZCDC0012/2020,"hCoV-19/Hangzhou/HZCDC0012/2020, hCoV-19/Hangzhou/HZCDC0013/2020","hCoV-19/Hangzhou/HZCDC0012/2020 (2020-01-20), hCoV-19/Hangzhou/HZCDC0013/2020 (2020-01-20)",0,2,0,0,0,2,0,0,5,5,5
"T8782C,G11083T,T18060C,C28144T",3,hCoV-19/Chongqing/IVDC-CQ-001/2020,"hCoV-19/Chongqing/IVDC-CQ-001/2020, hCoV-19/Changzhou/JS27/2020, hCoV-19/Singapore/3Clin/2020","hCoV-19/Chongqing/IVDC-CQ-001/2020 (2020-01-18), hCoV-19/Changzhou/JS27/2020 (2020-01-26), hCoV-19/Singapore/3Clin/2020 (2020-01-29)",0,2,1,0,0,2,1,0,4,4,4
"T8782C,G11083T,T18060C,G26144T,C28144T",4,hCoV-19/Hangzhou/HZCDC0167/2020,"hCoV-19/Hangzhou/HZCDC0167/2020, hCoV-19/Italy/LAZ-INMI-SPL1/2020, hCoV-19/Italy/LAZ-INMI2-N/2020, hCoV-19/Italy/LAZ-INMI1-cs/2020","hCoV-19/Hangzhou/HZCDC0167/2020 (2020-01-23), hCoV-19/Italy/LAZ-INMI-SPL1/2020 (2020-01-29), hCoV-19/Italy/LAZ-INMI2-N/2020 (2020-01-30), hCoV-19/Italy/LAZ-INMI1-cs/2020 (2020-01-31)",0,1,3,0,0,1,3,0,5,5,5
"T8782C,T11980C,T18060C,C21707T,C28144T",2,hCoV-19/Shandong/2020C1240371/2020,"hCoV-19/Shandong/2020C1240371/2020, hCoV-19/Shandong/2020C1240380/2020","hCoV-19/Shandong/2020C1240371/2020 (2020-01-27), hCoV-19/Shandong/2020C1240380/2020 (2020-01-30)",0,2,0,0,0,2,0,0,5,5,5
"T8782C,T13929C,T18060C,G26144T,C28144T",2,hCoV-19/HongKong/HKU-200723-004/2020,"hCoV-19/HongKong/HKU-200723-004/2020, hCoV-19/HongKong/VB20024950-2/2020","hCoV-19/HongKong/HKU-200723-004/2020 (2020-01-29), hCoV-19/HongKong/VB20024950-2/2020 (2020-01-30)",0,0,2,0,0,0,2,0,5,5,5
"T8782C,T18060C",2,hCoV-19/Sichuan/SC-MY-054/2020,"hCoV-19/Sichuan/SC-MY-054/2020, hCoV-19/Sichuan/SC-PHCC1-032/2020","hCoV-19/Sichuan/SC-MY-054/2020 (2020-01-27), hCoV-19/Sichuan/SC-PHCC1-032/2020 (2020-01-27)",0,2,0,0,0,2,0,0,2,2,2
"T8782C,T18060C,C18110T,C28144T",2,hCoV-19/Sichuan/SC-PHCC2-046/2020,"hCoV-19/Sichuan/SC-PHCC2-046/2020, hCoV-19/Sichuan/SC-YA-088/2020","hCoV-19/Sichuan/SC-PHCC2-046/2020 (2020-01-29), hCoV-19/Sichuan/SC-YA-088/2020 (2020-01-31)",0,2,0,0,0,2,0,0,4,4,4
"T8782C,T18060C,C18512T,C28144T",2,hCoV-19/Sichuan/SC-GA-063/2020,"hCoV-19/Sichuan/SC-GA-063/2020, hCoV-19/Sichuan/SC-GA-064/2020","hCoV-19/Sichuan/SC-GA-063/2020 (2020-01-30), hCoV-19/Sichuan/SC-GA-064/2020 (2020-01-30)",0,2,0,0,0,2,0,0,4,4,4
"T8782C,T18060C,C20692T,C28144T",3,hCoV-19/Wuhan/YB012504/2020,"hCoV-19/Wuhan/YB012504/2020, hCoV-19/Wuhan/YB012602/2020, hCoV-19/Wuhan/YB012605/2020","hCoV-19/Wuhan/YB012504/2020 (2020-01-25), hCoV-19/Wuhan/YB012602/2020 (2020-01-26), hCoV-19/Wuhan/YB012605/2020 (2020-01-26)",3,0,0,0,3,0,0,0,4,4,4
"T8782C,T18060C,C21707T,C28144T",10,hCoV-19/Guangdong/20SF028/2020,"hCoV-19/Guangdong/20SF028/2020, hCoV-19/Guangdong/20SF040/2020, hCoV-19/Guangdong/20SF043/2020, hCoV-19/Guangdong/20SF174/2020, hCoV-19/Guangzhou/GZMU0059/2020, hCoV-19/Guangzhou/GZMU0057/2020, hCoV-19/Guangzhou/GZMU0055/2020, hCoV-19/Guangzhou/GZMU0054/2020, hCoV-19/Guangzhou/GZMU0051/2020, hCoV-19/Guangzhou/GZMU0052/2020","hCoV-19/Guangdong/20SF028/2020 (2020-01-17), hCoV-19/Guangdong/20SF040/2020 (2020-01-18), hCoV-19/Guangdong/20SF043/2020 (2020-01-18), hCoV-19/Guangdong/20SF174/2020 (2020-01-22), hCoV-19/Guangzhou/GZMU0059/2020 (2020-01-27), hCoV-19/Guangzhou/GZMU0057/2020 (2020-01-27), hCoV-19/Guangzhou/GZMU0055/2020 (2020-01-29), hCoV-19/Guangzhou/GZMU0054/2020 (2020-01-29), hCoV-19/Guangzhou/GZMU0051/2020 (2020-01-29), hCoV-19/Guangzhou/GZMU0052/2020 (2020-01-29)",0,10,0,0,0,10,0,0,4,4,4
"T8782C,T18060C,C28144T",73,hCoV-19/Wuhan/WIV04/2019,"hCoV-19/Wuhan/WIV04/2019, hCoV-19/Wuhan/IPBCAMS-WH-04/2019, hCoV-19/Wuhan/WIV06/2019, hCoV-19/Wuhan/IME-WH05/2019, hCoV-19/Wuhan/IME-WH04/2019, hCoV-19/Wuhan/Hu-1/2019, hCoV-19/Wuhan/WH03/2020, hCoV-19/Wuhan/WHU01/2020, hCoV-19/Thailand/NIH-15/2020, hCoV-19/Beijing/WH-09/2020, hCoV-19/Thailand/61/2020, hCoV-19/Thailand/SI200040-NT/2020, hCoV-19/Thailand/74/2020, hCoV-19/Thailand/Nonthaburi_68/2020, hCoV-19/Thailand/NIH-59/2020, hCoV-19/Zhejiang/WZ-02/2020, hCoV-19/Hangzhou/HZCDC0001/2020, hCoV-19/Jiangsu/IVDC-JS-001/2020, hCoV-19/Hangzhou/HZ-1/2020, hCoV-19/Hangzhou/HZCDC0048L/2020, hCoV-19/Hangzhou/HZCDC0049L/2020, hCoV-19/Hangzhou/HZCDC0090L/2020, hCoV-19/Hangzhou/HZCDC0091L/2020, hCoV-19/Hangzhou/HZ91/2020, hCoV-19/Hangzhou/HZ48/2020, hCoV-19/Hangzhou/HZ49/2020, hCoV-19/Hangzhou/HZ90/2020, hCoV-19/Hangzhou/HZ79/2020, hCoV-19/Hangzhou/HZCDC0091/2020, hCoV-19/Hangzhou/ZJU-05/2020, hCoV-19/Beijing/IME-HZ01/2020, hCoV-19/Hangzhou/HZCDC0119/2020, hCoV-19/Hangzhou/HZCDC0135/2020, hCoV-19/Hangzhou/HZ60/2020, hCoV-19/Hangzhou/HZ62/2020, hCoV-19/Chongqing/ZX01/2020, hCoV-19/Japan/OS-20-07-1/2020, hCoV-19/Guangdong/20SF201/2020, hCoV-19/Hangzhou/HZ185/2020, hCoV-19/Hangzhou/HZ162/2020, hCoV-19/Hangzhou/HZ178/2020, hCoV-19/Hangzhou/HZCDC0162/2020, hCoV-19/Guangdong/20SF200/2020, hCoV-19/Sichuan/SC-WCH4-290/2020, hCoV-19/Hangzhou/ZJU-04/2020, hCoV-19/Jiangsu/JS03/2020, hCoV-19/Sichuan/SC-PHCC2-041/2020, hCoV-19/Hangzhou/HZ477/2020, hCoV-19/Japan/NA-20-05-1/2020, hCoV-19/Thailand/Phuket_247/2020, hCoV-19/Taiwan/CGMH-CGU-01/2020, hCoV-19/Wuhan/0125-A164/2020, hCoV-19/Thailand/SI200433-NT/2020, hCoV-19/Hangzhou/HZ576/2020, hCoV-19/Hangzhou/HZ551/2020, hCoV-19/Hangzhou/HZ481/2020, hCoV-19/Hangzhou/HZ638/2020, hCoV-19/Wuhan/0125-A153/2020, hCoV-19/Wuhan/0125-A171/2020, hCoV-19/Wuhan/0126-C47/2020, hCoV-19/Wuhan/0126-C12/2020, hCoV-19/Sichuan/SC-WCH4-285/2020, hCoV-19/Sichuan/SC-NJ-090/2020, hCoV-19/USA/CA-CDC-6/2020, hCoV-19/Guangdong/20SF665/2020, hCoV-19/Taiwan/4/2020, hCoV-19/Sichuan/SC-PHCC2-043/2020, hCoV-19/Finland/1/2020, hCoV-19/Guangdong/2020XN4433-P0040/2020, hCoV-19/Anhui/101/2020, hCoV-19/Sichuan/SC-YB-085/2020, hCoV-19/Sichuan/SC-NJ-095/2020, hCoV-19/Anhui/98/2020","hCoV-19/Wuhan/WIV04/2019 (2019-12-30), hCoV-19/Wuhan/IPBCAMS-WH-04/2019 (2019-12-30), hCoV-19/Wuhan/WIV06/2019 (2019-12-30), hCoV-19/Wuhan/IME-WH05/2019 (2019-12-30), hCoV-19/Wuhan/IME-WH04/2019 (2019-12-30), hCoV-19/Wuhan/Hu-1/2019 (2019-12-31), hCoV-19/Wuhan/WH03/2020 (2020-01-01), hCoV-19/Wuhan/WHU01/2020 (2020-01-02), hCoV-19/Thailand/NIH-15/2020 (2020-01-05), hCoV-19/Beijing/WH-09/2020 (2020-01-08), hCoV-19/Thailand/61/2020 (2020-01-08), hCoV-19/Thailand/SI200040-NT/2020 (2020-01-08), hCoV-19/Thailand/74/2020 (2020-01-13), hCoV-19/Thailand/Nonthaburi_68/2020 (2020-01-15), hCoV-19/Thailand/NIH-59/2020 (2020-01-16), hCoV-19/Zhejiang/WZ-02/2020 (2020-01-17), hCoV-19/Hangzhou/HZCDC0001/2020 (2020-01-19), hCoV-19/Jiangsu/IVDC-JS-001/2020 (2020-01-19), hCoV-19/Hangzhou/HZ-1/2020 (2020-01-20), hCoV-19/Hangzhou/HZCDC0048L/2020 (2020-01-21), hCoV-19/Hangzhou/HZCDC0049L/2020 (2020-01-21), hCoV-19/Hangzhou/HZCDC0090L/2020 (2020-01-21), hCoV-19/Hangzhou/HZCDC0091L/2020 (2020-01-21), hCoV-19/Hangzhou/HZ91/2020 (2020-01-21), hCoV-19/Hangzhou/HZ48/2020 (2020-01-21), hCoV-19/Hangzhou/HZ49/2020 (2020-01-21), hCoV-19/Hangzhou/HZ90/2020 (2020-01-21), hCoV-19/Hangzhou/HZ79/2020 (2020-01-21), hCoV-19/Hangzhou/HZCDC0091/2020 (2020-01-21), hCoV-19/Hangzhou/ZJU-05/2020 (2020-01-22), hCoV-19/Beijing/IME-HZ01/2020 (2020-01-22), hCoV-19/Hangzhou/HZCDC0119/2020 (2020-01-22), hCoV-19/Hangzhou/HZCDC0135/2020 (2020-01-22), hCoV-19/Hangzhou/HZ60/2020 (2020-01-22), hCoV-19/Hangzhou/HZ62/2020 (2020-01-22), hCoV-19/Chongqing/ZX01/2020 (2020-01-23), hCoV-19/Japan/OS-20-07-1/2020 (2020-01-23), hCoV-19/Guangdong/20SF201/2020 (2020-01-23), hCoV-19/Hangzhou/HZ185/2020 (2020-01-23), hCoV-19/Hangzhou/HZ162/2020 (2020-01-23), hCoV-19/Hangzhou/HZ178/2020 (2020-01-23), hCoV-19/Hangzhou/HZCDC0162/2020 (2020-01-23), hCoV-19/Guangdong/20SF200/2020 (2020-01-23), hCoV-19/Sichuan/SC-WCH4-290/2020 (2020-01-24), hCoV-19/Hangzhou/ZJU-04/2020 (2020-01-24), hCoV-19/Jiangsu/JS03/2020 (2020-01-24), hCoV-19/Sichuan/SC-PHCC2-041/2020 (2020-01-24), hCoV-19/Hangzhou/HZ477/2020 (2020-01-24), hCoV-19/Japan/NA-20-05-1/2020 (2020-01-25), hCoV-19/Thailand/Phuket_247/2020 (2020-01-25), hCoV-19/Taiwan/CGMH-CGU-01/2020 (2020-01-25), hCoV-19/Wuhan/0125-A164/2020 (2020-01-25), hCoV-19/Thailand/SI200433-NT/2020 (2020-01-25), hCoV-19/Hangzhou/HZ576/2020 (2020-01-25), hCoV-19/Hangzhou/HZ551/2020 (2020-01-25), hCoV-19/Hangzhou/HZ481/2020 (2020-01-25), hCoV-19/Hangzhou/HZ638/2020 (2020-01-25), hCoV-19/Wuhan/0125-A153/2020 (2020-01-25), hCoV-19/Wuhan/0125-A171/2020 (2020-01-25), hCoV-19/Wuhan/0126-C47/2020 (2020-01-26), hCoV-19/Wuhan/0126-C12/2020 (2020-01-26), hCoV-19/Sichuan/SC-WCH4-285/2020 (2020-01-27), hCoV-19/Sichuan/SC-NJ-090/2020 (2020-01-27), hCoV-19/USA/CA-CDC-6/2020 (2020-01-27), hCoV-19/Guangdong/20SF665/2020 (2020-01-27), hCoV-19/Taiwan/4/2020 (2020-01-28), hCoV-19/Sichuan/SC-PHCC2-043/2020 (2020-01-29), hCoV-19/Finland/1/2020 (2020-01-29), hCoV-19/Guangdong/2020XN4433-P0040/2020 (2020-01-30), hCoV-19/Anhui/101/2020 (2020-01-31), hCoV-19/Sichuan/SC-YB-085/2020 (2020-01-31), hCoV-19/Sichuan/SC-NJ-095/2020 (2020-01-31), hCoV-19/Anhui/98/2020 (2020-01-31)",13,46,14,8,5,46,14,0,3,3,3
"T8782C,T18060C,C28144T,T28861C",3,hCoV-19/HongKong/VB20017970-2/2020,"hCoV-19/HongKong/VB20017970-2/2020, hCoV-19/HongKong/HKU-902a/2020, hCoV-19/HongKong/HKU-902b/2020","hCoV-19/HongKong/VB20017970-2/2020 (2020-01-21), hCoV-19/HongKong/HKU-902a/2020 (2020-01-23), hCoV-19/HongKong/HKU-902b/2020 (2020-01-24)",0,0,3,0,0,0,3,0,4,4,4
"T8782C,T18060C,G22661T,G26144T,C28144T",3,hCoV-19/France/IDF-0372/2020,"hCoV-19/France/IDF-0372/2020, hCoV-19/France/IDF-0373/2020, hCoV-19/France/IDF-0386-islP1/2020","hCoV-19/France/IDF-0372/2020 (2020-01-23), hCoV-19/France/IDF-0373/2020 (2020-01-23), hCoV-19/France/IDF-0386-islP1/2020 (2020-01-28)",0,0,3,0,0,0,3,0,5,5,5
"T8782C,T18060C,G26144T,C28144T",11,hCoV-19/Guangdong/20SF198/2020,"hCoV-19/Guangdong/20SF198/2020, hCoV-19/France/IDF_HB_112001089879/2020, hCoV-19/Australia/VIC03/2020, hCoV-19/Shandong/2020C1240500/2020, hCoV-19/Australia/NSW03/2020, hCoV-19/Guangdong/20SF602/2020, hCoV-19/Sichuan/SC-WCH-311/2020, hCoV-19/France/IDF_HB_112001900001/2020, hCoV-19/Guangdong/20SF1136/2020, hCoV-19/Shandong/2020C1240062/2020, hCoV-19/Anhui/03/2020","hCoV-19/Guangdong/20SF198/2020 (2020-01-22), hCoV-19/France/IDF_HB_112001089879/2020 (2020-01-24), hCoV-19/Australia/VIC03/2020 (2020-01-25), hCoV-19/Shandong/2020C1240500/2020 (2020-01-25), hCoV-19/Australia/NSW03/2020 (2020-01-25), hCoV-19/Guangdong/20SF602/2020 (2020-01-25), hCoV-19/Sichuan/SC-WCH-311/2020 (2020-01-27), hCoV-19/France/IDF_HB_112001900001/2020 (2020-01-29), hCoV-19/Guangdong/20SF1136/2020 (2020-01-30), hCoV-19/Shandong/2020C1240062/2020 (2020-01-30), hCoV-19/Anhui/03/2020 (2020-01-31)",0,7,4,0,0,7,4,0,4,4,4
"T8782C,T18060C,G27147C,C28144T",5,hCoV-19/Singapore/1nan/2020,"hCoV-19/Singapore/1nan/2020, hCoV-19/Malaysia/MKAK-CL-2020-5047/2020, hCoV-19/Malaysia/MKAK-CL-2020-5049/2020, hCoV-19/Singapore/2/2020, hCoV-19/Singapore/2nan/2020","hCoV-19/Singapore/1nan/2020 (2020-01-23), hCoV-19/Malaysia/MKAK-CL-2020-5047/2020 (2020-01-24), hCoV-19/Malaysia/MKAK-CL-2020-5049/2020 (2020-01-24), hCoV-19/Singapore/2/2020 (2020-01-25), hCoV-19/Singapore/2nan/2020 (2020-01-27)",0,0,5,0,0,0,5,0,4,4,4
"T8782C,T18060C,T25525A,C28144T",5,hCoV-19/Hunan/HN-CIDC-P2/2020,"hCoV-19/Hunan/HN-CIDC-P2/2020, hCoV-19/Hunan/HN-CIDC-P5/2020, hCoV-19/Hunan/HN-CIDC-P8/2020, hCoV-19/Hunan/HN-CIDC-P7/2020, hCoV-19/Hunan/HN-CIDC-P10/2020","hCoV-19/Hunan/HN-CIDC-P2/2020 (2020-01-17), hCoV-19/Hunan/HN-CIDC-P5/2020 (2020-01-25), hCoV-19/Hunan/HN-CIDC-P8/2020 (2020-01-26), hCoV-19/Hunan/HN-CIDC-P7/2020 (2020-01-27), hCoV-19/Hunan/HN-CIDC-P10/2020 (2020-01-29)",0,5,0,0,0,5,0,0,4,4,4
